Symbol,Name
20MICRONS,20 Microns 
3IINFOTECH,3i Infotech 
3MINDIA,3M India 
A2ZMES,A2Z Maintenance & Engineering Services 
AANJANEYA,Aanjaneya Lifecare 
AARTIDRUGS,Aarti Drugs 
AARTIIND,Aarti Industries 
AARVEEDEN,Aarvee Denims & Exports 
ABAN,Aban Offshore 
ABB,ABB 
ABCIL,Aditya Birla Chemicals (India) 
ABGSHIP,ABG Shipyard 
ABIRLANUVO,Aditya Birla Nuvo 
ACC,ACC 
ACE,Action Construction Equipment 
ACKRUTI,Ackruti City 
ADANIENT,Adani Enterprises 
ACROPETAL,Acropetal Technologies 
ADANIPOWER,Adani Power 
ADFFOODS,ADF Foods 
ADHUNIK,Adhunik Metaliks 
ADORWELD,Ador Welding 
ADSL,Allied Digital Services 
ADVANIHOTR,Advani Hotels & Resorts (India) 
ADVANTA,Advanta India 
AEGISCHEM,Aegis Logistics 
AFL,Accel Frontline 
AFTEK,Aftek 
AGCNET,AGC Networks 
AGRODUTCH,Agro Dutch Industries 
AHLEAST,Asian Hotels (East) 
AHLUCONT,Ahluwalia Contracts (India) 
AHLWEST,Asian Hotels (West) 
AHMEDFORGE,Ahmednagar Forgings 
AIAENG,AIA Engineering 
AICHAMP,AI Champdany Industries 
AJANTPHARM,Ajanta Pharma 
AJMERA,Ajmera Realty & Infra India 
AKSHOPTFBR,Aksh Optifibre 
AKZOINDIA,Akzo Nobel India 
ALBK,Allahabad Bank
ALCHEM,Alchemist 
ALEMBICLTD,Alembic 
ALFALAVAL,Alfa Laval (India) 
ALICON,Alicon Castalloy 
ALKALI,Alkali Metals 
ALKYLAMINE,Alkyl Amines Chemicals 
ALLCARGO,Allcargo Global Logistics 
ALLSEC,Allsec Technologies 
ALMONDZ,Almondz Global Securities 
ALOKTEXT,Alok Industries 
ALPHAGEO,Alphageo (India) 
AMAR,Amar Remedies 
AMARAJABAT,Amara Raja Batteries 
ALPSINDUS,Alps Industries 
AMBIKCO,Ambika Cotton Mills 
AMBUJACEM,Ambuja Cements 
AMDIND,AMD Industries 
AMTEKAUTO,Amtek Auto 
AMTEKINDIA,Amtek India 
ANANTRAJ,Anant Raj Industries 
ANDHRABANK,Andhra Bank
ANDHRSUGAR,The Andhra Sugars 
ANGIND,ANG Industries 
ANIKINDS,Anik Industries 
ANDHRACEMT,Andhra Cements 
ANKURDRUGS,Ankur Drugs And Pharma 
ANSALAPI,Ansal Properties & Infrastructure 
ANSALHSG,Ansal Housing and Construction 
ANTGRAPHIC,Antarctica 
APARINDS,Apar Industries 
APCOTEXIND,Apcotex Industries 
APIL,Alstom Projects India 
APOLLOHOSP,Apollo Hospitals Enterprise 
APOLLOTYRE,Apollo Tyres 
APPAPER,The Andhra Pradesh Paper Mills 
APTECHT,Aptech 
AQUA,Aqua Logistics 
ARCHIDPLY,Archidply Industries 
ARCHIES,Archies 
AREVAT&D,Areva T&D India 
ARIES,Aries Agro 
ARIHANT,Arihant Foundations & Housing 
ARL,Arvind Remedies 
AROGRANITE,Aro Granite Industries 
ARROWTEX,Arrow Textiles 
ARSHIYA,Arshiya International 
ARSSINFRA,ARSS Infrastructure Projects 
ARVIND,Arvind 
ASAHIINDIA,Asahi India Glass 
ASAL,Automotive Stampings and Assemblies 
ASHAPURMIN,Ashapura Minechem 
ASHCONIUL,Ashco Niulab Industries 
ASHIANA,Ashiana Housing 
ASHIMASYN,Ashima 
ASHOKA,Ashoka Buildcon 
ASHOKLEY,Ashok Leyland 
ASIANELEC,Asian Electronics 
ASIANHOTNR,Asian Hotels (North) 
ASIANPAINT,Asian Paints 
ASIANTILES,Asian Granito India 
ASIL,Amit Spinning Industries 
ASSAMCO,Assam Company India 
ASTEC,Astec LifeSciences 
ASTERSILI,Aster Silicates 
ASTRAL,Astral Poly Technik 
ASTRAMICRO,Astra Microwave Products 
ASTRAZEN,AstraZeneca Pharma India 
ATFL,Agro Tech Foods 
ATLANTA,Atlanta 
ATLASCYCLE,Atlas Cycles (Haryana) 
ATNINTER,ATN International 
ATUL,Atul 
AURIONPRO,Aurionpro Solutions 
AUROPHARMA,Aurobindo Pharma 
AUSOMENT,Ausom Enterprise 
AUSTRAL,Austral Coke & Projects 
AUTOAXLES,Automotive Axles 
AUTOIND,Autoline Industries 
AUTOLITIND,Autolite (India) 
AVANTI,Avanti Feeds 
AVENTIS,Aventis Pharma 
AVTNPL,AVT Natural Products 
AXISBANK,Axis Bank 
AXIS-IT&T,Axis-IT&T 
BAGFILMS,B.A.G Films and Media 
BAJAJ-AUTO,Bajaj Auto 
BAJAJCORP,Bajaj Corp 
BAJAJELEC,Bajaj Electricals 
BAJAJFINSV,Bajaj Finserv 
BAJAJHIND,Bajaj Hindusthan 
BAJAJHLDNG,Bajaj Holdings & Investment 
BAJFINANCE,Bajaj Finance 
BALAJITELE,Balaji Telefilms 
BALAMINES,Balaji Amines 
BALKRISIND,Balkrishna Industries 
BALLARPUR,Ballarpur Industries 
BALMLAWRIE,Balmer Lawrie & Company 
BALPHARMA,Bal Pharma 
BALRAMCHIN,Balrampur Chini Mills 
BANARISUG,Bannari Amman Sugars 
BANCOINDIA,Banco Products (I) 
BANG,Bang Overseas 
BANKBARODA,Bank of Baroda
BANKINDIA,Bank of India
BANSWRAS,Banswara Syntex 
BARTRONICS,Bartronics India 
BASF,BASF India 
BASML,Bannari Amman Spinning Mills 
BATAINDIA,Bata India 
BATLIBOI,Batliboi 
BBL,Bharat Bijlee 
BBTC,Bombay Burmah Trading Corporation 
BEDMUTHA,Bedmutha Industries 
BEL,Bharat Electronics 
BELLCERATL,Bell Ceramics 
BEML,BEML 
BEPL,Bhansali Engineering Polymers 
BERGEPAINT,Berger Paints (I) 
BFINVEST,BF Investment 
BFUTILITIE,BF Utilities 
BGRENERGY,BGR Energy Systems 
BHAGWATIHO,Bhagwati Banquets and Hotels 
BHAGYNAGAR,Bhagyanagar India 
BHARATFORG,Bharat Forge 
BHARATGEAR,Bharat Gears 
BHARATRAS,Bharat Rasayan 
BHARTIARTL,Bharti Airtel 
BHARTISHIP,Bharati Shipyard 
BHEL,Bharat Heavy Electricals 
BHUSANSTL,Bhushan Steel 
BIL,Bhartiya International 
BILPOWER,Bilpower 
BINANIIND,Binani Industries 
BINDALAGRO,Oswal Chemicals & Fertilizers 
BIOCON,Biocon 
BIRLACORPN,Birla Corporation 
BIRLACOT,Birla Cotsyn (India) 
BIRLAERIC,Birla Ericsson Optical 
BIRLAMONEY,Aditya Birla Money 
BIRLAPOWER,Birla Power Solutions 
BLBLIMITED,BLB 
BLISSGVS,Bliss GVS Pharma 
BLKASHYAP,B. L. Kashyap and Sons 
BLUECHIP,Blue Chip India 
BLUECOAST,Blue Coast Hotels and Resorts 
BLUEDART,Blue Dart Express 
BLUESTARCO,Blue Star 
BLUESTINFO,Blue Star Infotech 
BOC,BOC India 
BOMDYEING,Bombay Dyeing & Mfg Company 
BOSCHLTD,Bosch 
BPCL,Bharat Petroleum Corporation 
BPL,BPL 
BRANDHOUSE,Brandhouse Retails 
BRFL,Bombay Rayon Fashions 
BRIGADE,Brigade Enterprises 
BRITANNIA,Britannia Industries 
BROADCAST,Broadcast Initiatives 
BSELINFRA,BSEL Infrastructure Realty 
BSL,BSL 
BSTRANSCOM,BS TransComm 
BURNPUR,Burnpur Cement 
BVCL,Barak Valley Cements 
CADILAHC,Cadila Healthcare 
CAIRN,Cairn India 
CALSOFT,California Software Company 
CAMBRIDGE,Cambridge Solutions 
CAMLIN,Camlin 
CANBK,Canara Bank
CANDC,C & C Constructions 
CANFINHOME,Can Fin Homes 
CANTABIL,Cantabil Retail India 
CARBORUNIV,Carborundum Universal 
CAROLINFO,Carol Info Services 
CASTROL,Castrol India 
CCCL,Consolidated Construction Consortium 
CCL,CCL Products (India) 
CEATLTD,CEAT 
CEBBCO,Commercial Engineers & Body Builders Co 
CELESTIAL,Celestial Biolabs 
CENTENKA,Century Enka 
CENTEXT,Century Extrusions 
CENTRALBK,Central Bank of India
CENTUM,Centum Electronics 
CENTURYPLY,Century Plyboards (India) 
CENTURYTEX,Century Textiles & Industries 
CERA,Cera Sanitaryware 
CESC,CESC 
CHAMBLFERT,Chambal Fertilizers & Chemicals 
CHEMFALKAL,Chemfab Alkalis 
CHEMPLAST,Chemplast Sanmar 
CHENNPETRO,Chennai Petroleum Corporation 
CHESLINTEX,Cheslind Textiles 
CHETTINAD,Chettinad Cement Corporation 
CHOLAFIN,Cholamandalam Investment and Finance Company 
CILNOVA,CIL Nova Petrochemicals 
CINEMAX,Cinemax India 
CINEVISTA,Cinevistaas 
CIPLA,Cipla 
CLASSIC,Classic Diamonds (India) 
CLNINDIA,Clariant Chemicals (India) 
CLUTCHAUTO,Clutch Auto 
CMAHENDRA,C. Mahendra Exports 
CMC,CMC 
COALINDIA,Coal India 
COLPAL,Colgate Palmolive (India) 
CONCOR,Container Corporation of India 
CONSOFINVT,Consolidated Finvest & Holdings 
CORAL-HUB,Coral Hub 
CORDSCABLE,Cords Cable Industries 
COREPROTEC,Core Projects and Technologies 
COROMANDEL,Coromandel International 
CORPBANK,Corporation Bank
COSMOFILMS,Cosmo Films 
COX&KINGS,Cox & Kings 
CPIL,Career Point Infosystems 
CREATIVEYE,Creative Eye 
CRESTANI,Crest Animation Studios 
CREWBOS,Crew B.O.S. Products 
CRISIL,CRISIL 
CROMPGREAV,Crompton Greaves 
CRONIMET,Cronimet Alloys India 
CTE,Cambridge Technology Enterprises 
CUB,City Union Bank 
CUBEXTUB,Cubex Tubings 
CUMMINSIND,Cummins India 
CURATECH,Cura Technologies 
CYBERMEDIA,Cyber Media (India) 
CYBERTECH,Cybertech Systems And Software 
DAAWAT,LT Foods 
DABUR,Dabur India 
DALMIASUG,Dalmia Bharat Sugar and Industries 
DATAMATICS,Datamatics Global Services 
DBCORP,D.B.Corp 
DBREALTY,D B Realty 
DCB,Development Credit Bank 
DCHL,Deccan Chronicle Holdings 
DCM,DCM 
DCMSRMCONS,DCM Shriram Consolidated 
DCW,DCW 
DECCANCE,Deccan Cements 
DECOLIGHT,Decolight Ceramics 
DEEPAKFERT,Deepak Fertilizers and Petrochemicals Corporation 
DEEPAKNTR,Deepak Nitrite 
DEEPIND,Deep Industries 
DELTACORP,Delta Corp 
DELTAMAGNT,Delta Magnets 
DEN,Den Networks 
DENABANK,Dena Bank
DENORA,De Nora India 
DEWANHOUS,Dewan Housing Finance Corporation 
DHAMPURSUG,The Dhampur Sugar Mills 
DHANBANK,Dhanlaxmi Bank 
DHANUKA,Dhanuka Agritech 
DHANUS,Dhanus Technologies 
DHARSUGAR,Dharani Sugars & Chemicals 
DHUNINV,Dhunseri Investments 
DIAPOWER,Diamond Power Infra Ltd
DICIND,DIC India 
DIGJAM,Digjam 
DISHMAN,Dishman Pharmaceuticals and Chemicals
DISHTV,Dish TV India 
DIVISLAB,Divi's Laboratories 
DLF,DLF 
DLINKINDIA,D-Link (India) 
DOLPHINOFF,Dolphin Offshore Enterprises (India) 
DONEAR,Donear Industries 
DPSCLTD,DPSC 
DPTL,Dhunseri Petrochem & Tea 
DQE,DQ Entertainment (International) 
DREDGECORP,Dredging Corporation of India 
DRREDDY,Dr. Reddy's Laboratories 
DSKULKARNI,DS Kulkarni Developers 
DUNCANSIND,Duncans Industries 
DWARKESH,Dwarikesh Sugar Industries 
DYNAMATECH,Dynamatic Technologies 
DYNASYS,Dynacons Systems & Solutions 
EASTSILK,Eastern Silk Industries 
EASUNREYRL,Easun Reyrolle 
ECEIND,ECE Industries 
ECLERX,eClerx Services 
EDELWEISS,Edelweiss Capital 
EDL,Empee Distilleries 
EDSERV,Edserv Softsystems 
EDUCOMP,Educomp Solutions 
EICHERMOT,Eicher Motors 
EIDPARRY,EID Parry India 
EIHAHOTELS,EIH Associated Hotels 
EIHOTEL,EIH 
EIMCOELECO,Eimco Elecon (India) 
EKC,Everest Kanto Cylinder 
ELDERPHARM,Elder Pharmaceuticals 
ELECON,Elecon Engineering Company 
ELECTCAST,Electrosteel Castings 
ELECTHERM,Electrotherm (India) 
ELGIEQUIP,Elgi Equipments 
EMAMIINFRA,Emami Infrastructure 
EMAMILTD,Emami 
EMCO,Emco 
EMKAY,Emkay Global Financial Services 
EMMBI,Emmbi Polyarns 
ENERGYDEV,Energy Development Company 
ENGINERSIN,Engineers India 
ENIL,Entertainment Network (India) 
ENTEGRA,Entegra 
ERAINFRA,Era Infra Engineering 
EROSMEDIA,Eros International Media 
ESABINDIA,Esab India 
ESCORTS,Escorts 
ESL,Electrosteel Steels 
ESSAROIL,Essar Oil 
ESSARPORTS,Essar Ports 
ESSDEE,Ess Dee Aluminium 
ESSELPACK,Essel Propack 
ESTER,Ester Industries 
EUROCERA,Euro Ceramics 
EUROMULTI,Euro Multivision 
EUROTEXIND,Eurotex Industries and Exports 
EVEREADY,Eveready Industries India 
EVERESTIND,Everest Industries 
EVERONN,Everonn Education 
EVINIX,Evinix Accessories 
EXCELCROP,Excel Crop Care 
EXCELINDUS,Excel Industries 
EXCELINFO,Excel Infoways 
EXIDEIND,Exide Industries 
FACT,Fertilizers and Chemicals Travancore 
FAGBEARING,FAG Bearings India 
FAME,Fame India 
FARMAXIND,Farmax India 
FCH,Future Capital Holdings 
FCSSOFT,FCS Software Solutions 
FDC,FDC 
FEDDERLOYD,Fedders Lloyd Corporation 
FEDERALBNK,The Federal Bank 
FIEMIND,Fiem Industries 
FINANTECH,Financial Technologies (India) 
FINCABLES,Finolex Cables 
FINPIPE,Finolex Industries 
FIRSTLEASE,First Leasing Company of India 
FIRSTWIN,First Winner Industries 
FKONCO,Fresenius Kabi Oncology 
FMGOETZE,Federal-Mogul Goetze (India) 
FORTIS,Fortis Healthcare (India) 
FOSECOIND,Foseco India 
FOURSOFT,Four Soft 
FSL,Firstsource Solutions 
FUTUREVENT,Future Ventures India 
GABRIEL,Gabriel India 
GAEL,Gujarat Ambuja Exports 
GAIL,GAIL (India) 
GAL,Gyscoal Alloys 
GALLANTT,Gallantt Metal 
GALLISPAT,Gallantt Ispat 
GAMMNINFRA,Gammon Infrastructure Projects 
GAMMONIND,Gammon India 
GANDHITUBE,Gandhi Special Tubes 
GANESHHOUC,Ganesh Housing Corporation 
GARDENSILK,Garden Silk Mills 
GARWALLROP,Garware Wall Ropes 
GLOBOFFS,Global Offshore Services 
GATI,GATI 
GDL,Gateway Distriparks 
GEECEE,GeeCee Ventures 
GEINDSYS,GEI Industrial Systems 
GEMINI,Gemini Communication 
GENESYS,Genesys International Corporation 
GENUSPOWER,Genus Power Infrastructures 
GEODESIC,Geodesic 
GEOJITBNPP,Geojit BNP Paribas Financial Services 
GEOMETRIC,Geometric 
GESHIP,The Great Eastern Shipping Company 
GHCL,GHCL 
GICHSGFIN,GIC Housing Finance 
GILLANDERS,Gillanders Arbuthnot & Company 
GILLETTE,Gillette India 
GINNIFILA,Ginni Filaments 
GIPCL,Gujarat Industries Power Company 
GISOLUTION,GI Engineering Solutions 
GITANJALI,Gitanjali Gems 
GKWLIMITED,GKW 
GLAXO,GlaxoSmithKline Pharmaceuticals 
GLENMARK,Glenmark Pharmaceuticals 
GLFL,Gujarat Lease Financing 
GLOBALVECT,Global Vectra Helicorp 
GLOBUSSPR,Globus Spirits 
GLODYNE,Glodyne Technoserve 
GLORY,Glory Polyfilms 
GMBREW,GM Breweries 
GMDCLTD,Gujarat Mineral Development Corporation 
GMRINFRA,GMR Infrastructure 
GNFC,Gujarat Narmada Valley Fertilizer Company 
GOACARBON,Goa Carbon 
GODFRYPHLP,Godfrey Phillips India 
GODREJCP,Godrej Consumer Products 
GODREJIND,Godrej Industries 
GODREJPROP,Godrej Properties 
GOENKA,Goenka Diamond and Jewels 
GOKEX,Gokaldas Exports 
GOKUL,Gokul Refoils and Solvent 
GOLDENTOBC,Golden Tobacco 
GOLDIAM,Goldiam International 
GOLDINFRA,Goldstone Infratech 
GOLDTECH,Goldstone Technologies 
GPIL,Godawari Power And Ispat limited
GPPL,Gujarat Pipavav Port 
GRABALALK,Grabal Alok Impex 
GRANULES,Granules India 
GRAPHITE,Graphite India 
GRASIM,Grasim Industries 
GREAVESCOT,Greaves Cotton 
GREENPLY,Greenply Industries 
GREENPOWER,Orient Green Power Company 
GRINDWELL,Grindwell Norton 
GRUH,Gruh Finance 
GSFC,Gujarat State Fertilizers & Chemicals 
GSKCONS,GlaxoSmithKline Consumer Healthcare 
GSLNOVA,GSL Nova Petrochemicals 
GSPL,Gujarat State Petronet 
GSSAMERICA,GSS America Infotech 
GTL,GTL 
GTLINFRA,GTL Infrastructure 
GTNIND,GTN Industries 
GTOFFSHORE,Great Offshore 
GUFICBIO,Gufic Biosciences 
GUJALKALI,Gujarat Alkalies and Chemicals 
GUJAPOLLO,Gujarat Apollo Industries 
GUJFLUORO,Gujarat Fluorochemicals 
GUJNRECOKE,Gujarat NRE Coke 
GUJRATGAS,Gujarat Gas Company 
GUJSIDHCEM,Gujarat Sidhee Cements 
GUJSTATFIN,Gujarat State Financial Corporation
GULFOILCOR,Gulf Oil Corporation 
GVKPIL,GVK Power & Infrastructure 
HALONIX,Halonix 
HANUNG,Hanung Toys and Textiles 
HARITASEAT,Harita Seating Systems 
HARRMALAYA,Harrisons Malayalam 
HATHWAY,Hathway Cable & Datacom 
HAVELLS,Havells India 
HBLPOWER,HBL Power Systems 
HBSTOCK,HB Stockholdings 
HCC,Hindustan Construction Company 
HCIL,Himadri Chemicals and Industries 
HCL-INSYS,HCL Infosystems 
HCLTECH,HCL Technologies 
HDFC,Housing Development Finance Corporation 
HDFCBANK,HDFC Bank 
HDIL,Housing Development and Infrastructure 
HEG,HEG 
HEIDELBERG,HeidelbergCement India 
HELIOSMATH,Helios And Matheson Information Technology 
HERCULES,Hercules Hoists 
HERITGFOOD,Heritage Foods (India) 
HEROHONDA,Hero Honda Motors 
HEXAWARE,Hexaware Technologies 
HFCL,Himachal Futuristic Communications 
HGSL,Hinduja Global Solutions 
HIKAL,Hikal 
HILTON,Hilton Metal Forging 
HIMATSEIDE,Himatsingka Seide 
HINDALCO,Hindalco Industries 
HINDCOMPOS,Hindustan Composites 
HINDCOPPER,Hindustan Copper 
HINDDORROL,Hindustan Dorr-Oliver 
HINDMOTORS,Hindustan Motors 
HINDNATGLS,Hindusthan National Glass & Industries 
HINDOILEXP,Hindustan Oil Exploration Company 
HINDPETRO,Hindustan Petroleum Corporation 
HINDSYNTEX,Hind Syntex 
HINDUJAFO,Hinduja Foundries 
HINDUJAVEN,Hinduja Ventures 
HINDUNILVR,Hindustan Unilever 
HINDZINC,Hindustan Zinc 
HIRECT,Hind Rectifiers 
HITACHIHOM,Hitachi Home and Life Solutions (India) 
HITECHGEAR,Hi-Tech Gears 
HITECHPLAS,Hitech Plast 
HMT,HMT 
HMVL,Hindustan Media Ventures 
HOCL,Hindustan Organic Chemicals 
HONAUT,Honeywell Automation India 
HONDAPOWER,Honda Siel Power Products 
HOPFL,House of Pearl Fashions 
HORIZONINF,Horizon Infrastructure 
HOTELEELA,Hotel Leela Venture 
HOTELRUGBY,Hotel Rugby 
HOVS,HOV Services 
HSIL,HSIL 
HTMEDIA,HT Media 
HYDRBADIND,Hyderabad Industries 
IBN18,ibn18 Broadcast 
IBPOW,Indiabulls Power 
IBREALEST,Indiabulls Real Estate 
IBSEC,Indiabulls Securities 
ICICIBANK,ICICI Bank 
ICIL,Indo Count Industries 
ICRA,ICRA 
ICSA,ICSA (India) 
IDBI,IDBI Bank 
IDEA,Idea Cellular 
IDFC,Infrastructure Development Finance Company 
IFBAGRO,IFB Agro Industries 
IFBIND,IFB Industries 
IFCI,IFCI 
IFGLREFRAC,IFGL Refractories 
IGARASHI,Igarashi Motors India 
IGL,Indraprastha Gas 
IGPL,IG Petrochemicals 
IITL,Industrial Investment Trust 
IL&FSENGG,IL&FS Engineering and Construction Company 
IL&FSTRANS,IL&FS Transportation Networks 
IMFA,Indian Metals & Ferro Alloys 
IMPAL,India Motor Parts and Accessories 
IMPEXFERRO,Impex Ferro Tech 
INDBANK,Indbank Merchant Banking Services 
INDHOTEL,The Indian Hotels Company 
INDIABULLS,Indiabulls Financial Services 
INDIACEM,The India Cements 
INDIAGLYCO,India Glycols 
INDIAINFO,India Infoline 
INDIANB,Indian Bank
INDIANCARD,Indian Card Clothing Company 
INDIANHUME,Indian Hume Pipe Company 
INDLMETER,IMP Powers 
INDNIPPON,India Nippon Electricals 
INDOASIFU,Indo Asian Fusegear 
INDOCO,Indoco Remedies 
INDORAMA,Indo Rama Synthetics (India) 
INDOSOLAR,Indosolar 
INDOTECH,Indo Tech Transformers 
INDOWIND,Indowind Energy 
INDRAMEDCO,Indraprastha Medical Corporation 
INDSWFTLAB,Ind-Swift Laboratories 
INDSWFTLTD,Ind-Swift 
INDUSFILA,Indus Fila 
INDUSINDBK,IndusInd Bank 
INEABS,INEOS ABS (India) 
INFINITE,Infinite Computer Solutions (India) 
INFOMEDIA,Infomedia 18 
INFY,Infosys 
INFOTECENT,Infotech Enterprises 
INGERRAND,Ingersoll Rand (India) 
INGVYSYABK,ING Vysya Bank 
INNOIND,Innoventive Industries 
INOXLEISUR,INOX Leisure 
INSECTICID,Insecticides (India) 
IOB,Indian Overseas Bank
IOC,Indian Oil Corporation 
IOLCP,IOL Chemicals and Pharmaceuticals 
IOLN,IOL Netcom 
IPCALAB,IPCA Laboratories 
IRB,IRB Infrastructure Developers 
ISFT,Intrasoft Technologies 
ISMTLTD,ISMT 
ISPATIND,Ispat Industries 
ITC,ITC 
ITDCEM,ITD Cementation India 
ITI,ITI 
IVC,IL&FS Investment Managers 
IVP,IVP 
IVRCLAH,IVRCL Assets & Holdings 
IVRCLINFRA,IVRCL 
J&KBANK,The Jammu & Kashmir Bank 
JAGRAN,Jagran Prakashan 
JAGSNPHARM,Jagsonpal Pharmaceuticals 
JAIBALAJI,Jai Balaji Industries 
JAICORPLTD,Jai Corp 
JAINSTUDIO,Jain Studios 
JAMNAAUTO,Jamna Auto Industries 
JAYAGROGN,Jayant Agro Organics 
JAYBARMARU,Jay Bharat Maruti 
JAYNECOIND,Jayaswal Neco Industries 
JAYSREETEA,Jayshree Tea & Industries 
JBCHEPHARM,JB Chemicals & Pharmaceuticals 
JBFIND,JBF Industries 
JBMA,JBM Auto 
JCTEL,JCT Electronics 
JENSONICOL,Jenson & Nicholson (India) 
JETAIRWAYS,Jet Airways (India) 
JEYPORE,The Jeypore Sugar Company 
JHS,JHS Svendgaard Laboratories 
JIKIND,JIK Industries 
JINDALPHOT,Jindal Photo 
JINDALPOLY,Jindal Poly Films 
JINDALSAW,Jindal Saw 
JINDALSTEL,Jindal Steel & Power 
JINDALSWHL,Jindal South West Holdings 
JINDCOT,Jindal Cotex 
JINDRILL,Jindal Drilling And Industries 
JINDWORLD,Jindal Worldwide 
JISLJALEQS,Jain Irrigation Systems 
JKCEMENT,JK Cement 
JKIL,J.Kumar Infraprojects 
JKLAKSHMI,JK Lakshmi Cement 
JKPAPER,JK Paper 
JKTYRE,JK Tyre & Industries 
JMCPROJECT,JMC Projects (India) 
JMFINANCIL,JM Financial 
JMTAUTOLTD,JMT Auto 
JOCIL,Jocil 
JPASSOCIAT,Jaiprakash Associates 
JPINFRATEC,Jaypee Infratech 
JPPOWER,Jaiprakash Power Ventures 
JSL,JSL Stainless 
JSWENERGY,JSW Energy 
JSWSTEEL,JSW Steel 
JUBILANT,Jubilant Life Sciences 
JUBLFOOD,Jubilant Foodworks 
JUBLINDS,Jubilant Industries 
JVLAGRO,JVL Agro Industries 
JYOTHYLAB,Jyothy Laboratories 
JYOTISTRUC,Jyoti Structures 
KABRAEXTRU,Kabra Extrusion Technik 
KAJARIACER,Kajaria Ceramics 
KAKATCEM,Kakatiya Cement Sugar & Industries 
KALECONSUL,Kale Consultants 
KALINDEE,Kalindee Rail Nirman (Engineers) 
KALPATPOWR,Kalpataru Power Transmission 
KALYANIFRG,Kalyani Forge 
KAMATHOTEL,Kamat Hotels (I) 
KANDAGIRI,Kandagiri Spinning Mills 
KANORICHEM,Kanoria Chemicals & Industries 
KANSAINER,Kansai Nerolac Paints 
KARURVYSYA,Karur Vysya Bank 
KAUSHALYA,Kaushalya Infrastructure Development Corporation 
KAVVERITEL,Kavveri Telecom Products 
KBIL,Kirloskar Brothers Investments 
KCP,KCP 
KCPSUGIND,KCP Sugar and Industries Corporation 
KEC,KEC International 
KECL,Kirloskar Electric Company 
KEI,KEI Industries 
KEMROCK,Kemrock Industries and Exports 
KERNEX,Kernex Microsystems (India) 
KESARENT,Kesar Enterprises 
KESORAMIND,Kesoram Industries 
KEYCORPSER,Keynote Corporate Services 
KFA,Kingfisher Airlines 
KGL,Karuturi Global 
KHAITANELE,Khaitan Electricals 
KHAITANLTD,Khaitan (India) 
KHANDSE,Khandwala Securities 
KICL,Kalyani Investment Company 
KIL,Kamdhenu Ispat 
KILITCH,Kilitch Drugs (India) 
KINETICMOT,Kinetic Motor Company 
KIRIINDUS,Kiri Industries 
KIRLOSBROS,Kirloskar Brothers 
KIRLOSENG,Kirloskar Oil Engines 
KIRLOSIND,Kirloskar Industries 
KITPLYIND,Kitply Industries 
KKCL,Kewal Kiran Clothing 
KLGSYSTEL,KLG Systel 
KMSUGAR,K.M.Sugar Mills 
KNRCON,KNR Constructions 
KOHINOOR,Kohinoor Foods 
KOLTEPATIL,Kolte - Patil Developers 
KOPDRUGS,KDL Biotech 
KOPRAN,Kopran 
KOTAKBANK,Kotak Mahindra Bank 
KOTARISUG,Kothari Sugars And Chemicals 
KOTHARIPET,Kothari Petrochemicals 
KOTHARIPRO,Kothari Products 
KOUTONS,Koutons Retail India 
KPIT,KPIT Cummins Infosystems 
KPRMILL,K.P.R. Mill 
KRBL,KRBL 
KRISHNAENG,Krishna Engineering Works 
KSBPUMPS,KSB Pumps 
KSCL,Kaveri Seed Company 
KSERASERA,K Sera Sera 
KSK,KSK Energy Ventures 
KSL,Kalyani Steels 
KSOILS,K S Oils 
KTIL,Kesar Terminals & Infrastructure 
KTKBANK,The Karnataka Bank 
LAKPRE,Lakshmi Precision Screws 
LAKSHMIEFL,Lakshmi Energy and Foods 
LAKSHVILAS,Lakshmi Vilas Bank 
LANCOIN,Lanco Industries 
LAOPALA,La Opala RG 
LAXMIMACH,Lakshmi Machine Works 
LGBBROSLTD,LG Balakrishnan & Bros 
LGBFORGE,LGB Forge 
LIBERTSHOE,Liberty Shoes 
LICHSGFIN,LIC Housing Finance 
LITL,Lanco Infratech 
LLOYDELENG,Lloyd Electric & Engineering 
LLOYDFIN,Lloyds Finance 
LLOYDSTEEL,Lloyds Steel Industries 
LML,LML 
LOGIXMICRO,Logix Microsystems 
LOKESHMACH,Lokesh Machines 
LOTUSEYE,Lotus Eye Care Hospital 
LOVABLE,Lovable Lingerie 
LPDC,Landmark Property Development Company 
LT,Larsen & Toubro 
LUMAXAUTO,Lumax Automotive Systems 
LUMAXIND,Lumax Industries 
LUMAXTECH,Lumax Auto Technologies 
LUPIN,Lupin 
LYKALABS,Lyka Labs 
M&M,Mahindra & Mahindra 
M&MFIN,Mahindra & Mahindra Financial Services 
MAANALU,Maan Aluminium 
MADHAV,Madhav Marbles and Granites 
MADHUCON,Madhucon Projects 
MADRASCEM,Madras Cements 
MADRASFERT,Madras Fertilizers 
MAGMA,Magma Fincorp 
MAGNUM,Magnum Ventures 
MAHABANK,Bank of Maharashtra
MAHINDFORG,Mahindra Forgings 
MAHINDUGIN,Mahindra Ugine Steel Company 
MAHLIFE,Mahindra Lifespace Developers 
MAHSCOOTER,Maharashtra Scooters 
MAHSEAMLES,Maharashtra Seamless 
MALWACOTT,Malwa Cotton Spg. Mills 
MANAKSIA,Manaksia 
MANALIPETC,Manali Petrochemical 
MANDHANA,Mandhana Industries 
MANGALAM,Mangalam Drugs And Organics 
MANGCHEFER,Mangalore Chemicals & Fertilizers 
MANGLMCEM,Mangalam Cement 
MANGTIMBER,Mangalam Timber Products 
MANINDS,Man Industries (India) 
MANINFRA,Man Infraconstruction 
MANUGRAPH,Manugraph India 
MARALOVER,Maral Overseas 
MARICO,Marico 
MARKSANS,Marksans Pharma 
MARUTI,Maruti Suzuki India 
MASTEK,Mastek 
MAWANASUG,Mawana Sugars 
MAX,Max India 
MAXWELL,Maxwell Industries 
MBECL,Mcnally Bharat Engineering Company 
MBLINFRA,MBL Infrastructures 
MCDHOLDING,McDowell Holdings 
MCDOWELL-N,United Spirits 
MCLEODRUSS,Mcleod Russel India 
MEGASOFT,Megasoft 
MEGH,Meghmani Organics 
MELSTAR,Melstar Information Technologies 
MERCK,Merck 
MHRIL,Mahindra Holidays & Resorts India 
MIC,MIC Electronics 
MICROSEC,Microsec Financial Services 
MICROTECH,Micro Technologies (India) 
MINDAIND,Minda Industries 
MINDTREE,MindTree 
MIRCELECTR,MIRC Electronics 
MIRZAINT,Mirza International 
MLL,Mercator Lines 
MMFL,MM Forgings 
MMFSL,Money Matters Financial Services 
MOIL,MOIL 
MONNETISPA,Monnet Ispat 
MONSANTO,Monsanto India 
MORARJETEX,Morarjee Textiles 
MOREPENLAB,Morepen Laboratories 
MOSERBAER,Moser-Baer (I) 
MOTHERSUMI,Motherson Sumi Systems 
MOTILALOFS,Motilal Oswal Financial Services 
MOTOGENFIN,The Motor & General Finance 
MPHASIS,MphasiS 
MPSLTD,MPS 
MRF,MRF 
MRO-TEK,MRO-TEK 
MRPL,Mangalore Refinery and Petrochemicals 
MSPL,MSP Steel & Power 
MTNL,Mahanagar Telephone Nigam 
MUDRA,Mudra Lifestyle 
MUKANDENGG,Mukand Engineers 
MUKANDLTD,Mukand 
MUKTAARTS,Mukta Arts 
MUNDRAPORT,Mundra Port and Special Economic Zone 
MUNJALAU,Munjal Auto Industries 
MUNJALSHOW,Munjal Showa 
MURLIIND,Murli Industries 
MURUDCERA,Murudeshwar Ceramics 
MVL,MVL 
MVLIND,MVL Industries 
MYSOREBANK,State Bank of Mysore
NAGARFERT,Nagarjuna Fertilizer & Chemicals 
NAGREEKCAP,Nagreeka Capital & Infrastructure 
NAGREEKEXP,Nagreeka Exports 
NAHARCAP,Nahar Capital and Financial Services 
NAHARINDUS,Nahar Industrial Enterprises 
NAHARPOLY,Nahar Poly Films 
NAHARSPING,Nahar Spinning Mills 
NANDAN,Nandan Exim 
NATCOPHARM,Natco Pharma 
NATIONALUM,National Aluminium Company 
NATNLSTEEL,National Steel And Agro Industries 
NAUKRI,Info Edge (India) 
NAVINFLUOR,Navin Fluorine International 
NAVNETPUBL,Navneet Publications India 
NBVENTURES,Nava Bharat Ventures 
NCC,NCC 
NCLIND,NCL Industries 
NDTV,New Delhi Television 
NECLIFE,Nectar Lifesciences 
NELCAST,Nelcast 
NELCO,NELCO 
NEPCMICON,NEPC India 
NESCO,Nesco 
NET4,Net 4 India 
NETWORK18,Network18 Media & Investments 
NEULANDLAB,Neuland Laboratories 
NEXTMEDIA,Next Mediaworks 
NEYVELILIG,Neyveli Lignite Corporation 
NFL,National Fertilizers 
NHPC,NHPC 
NICCO,Nicco Corporation 
NIITLTD,NIIT 
NIITTECH,NIIT Technologies 
NILKAMAL,Nilkamal 
NIPPOBATRY,Nippo Batteries Company 
NIRMA,Nirma 
NISSAN,Nissan Copper 
NITCO,Nitco 
NITESHEST,Nitesh Estates 
NITINFIRE,Nitin Fire Protection Industries 
NITINSPIN,Nitin Spinners 
NMDC,NMDC 
NOCIL,NOCIL 
NOIDATOLL,Noida Toll Bridge Company 
NORBTEAEXP,Norben Tea & Exports 
NORTHGATE,Northgate Technologies 
NOVOPANIND,Novopan Industries 
NRBBEARING,NRB Bearing 
NSIL,Nalwa Sons Investments 
NTPC,NTPC 
NUCENT,Nucent Finance 
NUCHEM,Nuchem 
NUCLEUS,Nucleus Software Exports 
NUMERICPW,Numeric Power Systems 
NUTEK,Nu Tek India 
OBEROIRLTY,Oberoi Realty 
OCL,OCL India 
OFSS,Oracle Financial Services Software 
OIL,Oil India 
OILCOUNTUB,Oil Country Tubular 
OISL,OCL Iron and Steel 
OMAXAUTO,Omax Autos 
OMAXE,Omaxe 
OMKARCHEM,Omkar Speciality Chemicals 
OMMETALS,OM Metals Infraprojects 
OMNITECH,Omnitech Infosolutions 
ONGC,Oil & Natural Gas Corporation 
ONMOBILE,OnMobile Global 
ONWARDTEC,Onward Technologies 
OPTOCIRCUI,Opto Circuits (India) 
ORBITCORP,Orbit Corporation 
ORCHIDCHEM,Orchid Chemicals & Pharmaceuticals 
ORIENTABRA,Orient Abrasives 
ORIENTALTL,Oriental Trimex 
ORIENTBANK,Oriental Bank of Commerce
ORIENTCERA,Orient Ceramics and Industries 
ORIENTHOT,Oriental Hotels 
ORIENTLTD,Orient Press 
ORIENTPPR,Orient Paper & Industries 
ORISSAMINE,The Orissa Minerals Development Company 
OUDHSUG,The Oudh Sugar Mills 
PAEL,PAE 
PAGEIND,Page Industries 
PANACEABIO,Panacea Biotec 
PANORAMUNI,Panoramic Universal 
PANTALOONR,Pantaloon Retail (India) 
PAPERPROD,The Paper Products 
PARABDRUGS,Parabolic Drugs 
PARACABLES,Paramount Communications 
PARAL,Parekh Aluminex 
PARAPRINT,Paramount Printpackaging 
PARASPETRO,Paras Petrofils 
PAREKHPLAT,Parekh Platinum 
PARRYSUGAR,Parrys Sugar Industries 
PARSVNATH,Parsvnath Developers 
PATELENG,Patel Engineering 
PATINTLOG,Patel Integrated Logistics 
PATNI,Patni Computer Systems 
PATSPINLTD,Patspin India 
PBAINFRA,PBA Infrastructure 
PDPL,Parenteral Drugs (India) 
PDUMJEIND,Pudumjee Industries 
PDUMJEPULP,Pudumjee Pulp & Paper Mills 
PEARLPOLY,Pearl Polymers 
PENIND,Pennar Industries 
PENINLAND,Peninsula Land 
PEPL,Pearl Engineering Polymers 
PERSISTENT,Persistent Systems 
PETRONENGG,Petron Engineering Construction 
PETRONET,Petronet LNG 
PFC,Power Finance Corporation 
PFIZER,Pfizer 
PFOCUS,Prime Focus 
PFS,PTC India Financial Services 
PGHH,Procter & Gamble Hygiene and Health Care 
PHILIPCARB,Phillips Carbon Black 
PHOENIXLTD,The Phoenix Mills 
PIDILITIND,Pidilite Industries 
PIIND,PI Industries 
PIONDIST,Pioneer Distilleries 
PIPAVAVYD,Pipavav Shipyard 
PIRGLASS,Piramal Glass 
PIRHEALTH,Piramal Healthcare 
PIRLIFE,Piramal Life Sciences 
PITTILAM,Pitti Laminations 
PLASTIBLEN,Plastiblends India 
PLETHICO,Plethico Pharmaceuticals 
PNB,Punjab National Bank
PNBGILTS,PNB Gilts 
PNC,Pritish Nandy Communications 
POCHIRAJU,Pochiraju Industries 
POLARIS,Polaris Software Lab 
POLYPLEX,Polyplex Corporation 
PONNIERODE,Ponni Sugars (Erode) 
POWERGRID,Power Grid Corporation of India 
PPAP,Precision Pipes And Profiles Company 
PRADIP,Pradip Overseas 
PRAENG,Prajay Engineers Syndicate 
PRAJIND,Praj Industries 
PRAKASH,Prakash Industries 
PRAKASHSTL,Prakash Steelage 
PRATIBHA,Pratibha Industries 
PRECOT,Precot Meridian 
PRECWIRE,Precision Wires India 
PREMIER,Premier 
PRESTIGE,Prestige Estates Projects 
PRICOL,Pricol 
PRIMESECU,Prime Securities 
PRISMCEM,Prism Cement 
PRITHVI,Prithvi Information Solutions 
PROVOGUE,Provogue (India) 
PSB,Punjab & Sind Bank
PSL,PSL 
PTC,PTC India 
PTL,PTL Enterprises 
PUNJABCHEM,Punjab Chemicals & Crop Protection 
PUNJLLOYD,Punj Lloyd 
PURVA,Puravankara Projects 
PVP,PVP Ventures 
PVR,PVR 
QUINTEGRA,Quintegra Solutions 
RADAAN,Radaan Mediaworks India 
RADICO,Radico Khaitan 
RAINBOWPAP,Rainbow Papers 
RAINCOM,Rain Commodities 
RAIREKMOH,Raisaheb Reckhchand Mohota Spinning & Weaving Mills 
RAJESHEXPO,Rajesh Exports 
RAJOIL,Raj Oil Mills 
RAJRAYON,Raj Rayon Industries 
RAJSREESUG,Rajshree Sugars & Chemicals 
RAJTV,Raj Television Network 
RAJVIR,Rajvir Industries 
RALLIS,Rallis India 
RAMANEWS,Rama Newsprint and Papers 
RAMCOIND,Ramco Industries 
RAMCOSYS,Ramco Systems 
RAMKY,Ramky Infrastructure 
RAMSARUP,Ramsarup Industries 
RANASUG,Rana Sugars 
RANBAXY,Ranbaxy Laboratories 
RANEENGINE,Rane Engine Valve 
RANEHOLDIN,Rane Holdings 
RATNAMANI,Ratnamani Metals & Tubes 
RAYMOND,Raymond 
RBL,Rane Brake Lining 
RBN,Reliance Broadcast Network 
RCF,Rashtriya Chemicals and Fertilizers 
RCOM,Reliance Communications 
RECLTD,Rural Electrification Corporation 
REDINGTON,Redington (India) 
REFEX,Refex Refrigerants 
REIAGROLTD,Rei Agro 
REISIXTEN,REI Six Ten Retail 
RELAXO,Relaxo Footwears 
RELCAPITAL,Reliance Capital 
RELIANCE,Reliance Industries 
RELIGARE,Religare Enterprises 
RELINFRA,Reliance Infrastructure 
RELMEDIA,Reliance MediaWorks 
RENUKA,Shree Renuka Sugars 
REPRO,Repro India 
RESPONIND,Responsive Industries 
RESURGERE,Resurgere Mines & Minerals India 
REVATHI,Revathi Equipment 
RICOAUTO,Rico Auto Industries 
RIIL,Reliance Industrial Infrastructure 
RJL,Renaissance Jewellery 
RKFORGE,Ramkrishna Forgings 
RMCL,Radha Madhav Corporation 
RML,Rane (Madras) 
ROHITFERRO,Rohit Ferro-Tech 
ROHLTD,Royal Orchid Hotels 
ROLTA,Rolta India 
ROMAN,Roman Tarmat 
RPGLIFE,RPG Life Sciences 
RPOWER,Reliance Power 
RPPINFRA,R.P.P. Infra Projects 
RSSOFTWARE,R. S. Software (India) 
RSWM,RSWM 
RSYSTEMS,R Systems International 
RUBYMILLS,The Ruby Mills 
RUCHIRA,Ruchira Papers 
RUCHISOYA,Ruchi Soya Industries 
RUCHINFRA,Ruchi Infrastructure 
SABERORGAN,Sabero Organics Gujarat 
SABTN,Sri Adhikari Brothers Television Network 
SADBHAV,Sadbhav Engineering 
SAGCEM,Sagar Cements 
SAHPETRO,Sah Petroleums 
SAIL,Steel Authority of India 
SAKHTISUG,Sakthi Sugars 
SAKSOFT,Saksoft 
SAKUMA,Sakuma Exports 
SALORAINTL,Salora International 
SALSTEEL,S.A.L. Steel 
SAMBHAAV,Sambhaav Media 
SAMTEL,Samtel Color 
SANDESH,The Sandesh 
SANGAMIND,Sangam (India) 
SANGHIIND,Sanghi Industries 
SANGHVIFOR,Sanghvi Forging and Engineering 
SANGHVIMOV,Sanghvi Movers 
SANWARIA,Sanwaria Agro Oils 
SARDAEN,Sarda Energy & Minerals 
SAREGAMA,Saregama India 
SARLAPOLY,Sarla Performance Fibers 
SASKEN,Sasken Communication Technologies 
SATHAISPAT,Sathavahana Ispat 
SATYAMCOMP,Satyam Computer Services 
SAVERA,Savera Industries 
SB&TINTL,SB&T International 
SBBJ,State Bank of Bikaner and Jaipur
SBIN,State Bank of India
SBT,State Bank of Travancore
SCI,Shipping Corporation Of India 
SEAMECLTD,Seamec 
SEINVEST,S.E. Investments 
SELAN,Selan Exploration Technology 
SELMCL,SEL Manufacturing Company 
SERVALL,Servalakshmi Paper 
SESAGOA,Sesa Goa 
SESHAPAPER,Seshasayee Paper and Boards Limi
SEZALGLASS,Sezal Glass 
SGFL,Shree Ganesh Forgings 
SGJHL,Shree Ganesh Jewellery House 
SGL,STL Global 
SHAHALLOYS,Shah Alloys 
SHALPAINTS,Shalimar Paints 
SHANTIGEAR,Shanthi Gears 
SHARRESLTD,Sharyans Resources 
SHASUNPHAR,Shasun Pharmaceuticals 
SHILPAMED,Shilpa Medicare 
SHILPI,Shilpi Cable Technologies 
SHIVAMAUTO,Shivam Autotech 
SHIVTEX,Shiva Texyarn 
SHIV-VANI,Shiv-Vani Oil & Gas Exploration Services 
SHLAKSHMI,Shri Lakshmi Cotsyn 
SHOPERSTOP,Shoppers Stop 
SHPRE,Shree Precoated Steels 
SHREEASHTA,Shree Ashtavinayak Cine Vision 
SHREECEM,Shree Cements 
SHREERAMA,Shree Rama Multi-Tech 
SHRENUJ,Shrenuj & Company 
SHREYANIND,Shreyans Industries 
SHREYAS,Shreyas Shipping & Logistics 
SHRIRAMCIT,Shriram City Union Finance 
SHRIRAMEPC,Shriram EPC 
SHYAMTEL,Shyam Telecom 
SICAGEN,Sicagen India 
SICAL,Sical Logistics 
SIEMENS,Siemens 
SIL,Standard Industries 
SILINV,SIL Investments 
SIMBHSUGAR,Simbhaoli Sugars 
SIMPLEX,Simplex Projects 
SIMPLEXINF,Simplex Infrastructures 
SINTEX,Sintex Industries 
SIRPAPER,The Sirpur Paper Mills 
SITASHREE,Sita Shree Food Products 
SIYSIL,Siyaram Silk Mills 
SJVN,SJVN 
SKFINDIA,SKF India 
SKMEGGPROD,SKM Egg Products Export (India) 
SKSMICRO,SKS Microfinance 
SKUMARSYNF,S. Kumars Nationwide 
SMARTLINK,Smartlink Network Systems 
SMLISUZU,SML Isuzu 
SMPL,Sujana Metal Products 
SMSPHARMA,SMS Pharmaceuticals 
SOBHA,Sobha Developers 
SOFTTECHGR,Software Technology Group International 
SOLARINDS,Solar Industries India 
SOMANYCERA,Somany Ceramics 
SOMATEX,Soma Textiles & Industries 
SONASTEER,Sona Koyo Steering Systems 
SONATSOFTW,Sonata Software 
SOTL,Savita Oil Technologies 
SOUTHBANK,The South Indian Bank 
SPANCO,Spanco 
SPARC,Sun Pharma Advanced Research Company 
SPECTACLE,Spectacle Infotek 
SPENTEX,Spentex Industries 
SPIC,Southern Petrochemicals Industries Corporation 
SPICEMOBIL,Spice Mobility 
SPLIL,SPL Industries 
SPMLINFRA,SPML Infra 
SPYL,Shekhawati Poly-Yarn 
SREINFRA,SREI Infrastructure Finance 
SRF,SRF 
SRGINFOTEC,SRG Infotec (India) 
SRHHLINDST,SRHHL Industries 
SRHHYPOLTD,Sree Rayalaseema Hi-Strength Hypo 
SRTRANSFIN,Shriram Transport Finance Company 
SSWL,Steel Strips Wheels 
STAR,Strides Arcolab 
STARPAPER,Star Paper Mills 
STCINDIA,The State Trading Corporation of India 
STER,Sterlite Industries ( India ) 
STERLINBIO,Sterling Biotech 
STERTOOLS,Sterling Tools 
STINDIA,STI India 
STOREONE,Store One Retail India 
STRTECH,Sterlite Technologies 
SUBEX,Subex 
SUBROS,Subros 
SUDAR,Sudar Garments 
SUDARSCHEM,Sudarshan Chemical Industries 
SUJANATOW,Sujana Tower 
SUJANAUNI,Sujana Universal Industries 
SUMEETINDS,Sumeet Industries 
SUMMITSEC,Summit Securities 
SUNCLAYTON,Sundaram Clayton 
SUNDARAM,Sundaram Multi Pap 
SUNDARMFIN,Sundaram Finance 
SUNDRMBRAK,Sundaram Brake Linings 
SUNDRMFAST,Sundram Fasteners 
SUNFLAG,Sunflag Iron And Steel Company 
SUNILHITEC,Sunil Hitech Engineers 
SUNPHARMA,Sun Pharmaceuticals Industries 
SUNTECK,Sunteck Realty 
SUNTV,Sun TV Network 
SUPERSPIN,Super Spinning Mills 
SUPPETRO,Supreme Petrochem 
SUPRAJIT,Suprajit Engineering 
SUPREMEIND,Supreme Industries 
SUPREMEINF,Supreme Infrastructure India 
SUPREMETEX,Supreme Tex Mart 
SURAJDIAMN,Su-Raj Diamonds and Jewellery 
SURANACORP,Surana Corporation 
SURANAIND,Surana Industries 
SURANAT&P,Surana Telecom and Power 
SURYAJYOTI,Suryajyoti Spinning Mills 
SURYALAXMI,Suryalakshmi Cotton Mills 
SURYAPHARM,Surya Pharmaceutical 
SURYAROSNI,Surya Roshni 
SUTLEJTEX,Sutlej Textiles and Industries 
SUVEN,Suven Life Sciences 
SUZLON,Suzlon Energy 
SWARAJENG,Swaraj Engines 
SYMPHONY,Symphony 
SYNCOM,Syncom Healthcare 
SYNDIBANK,Syndicate Bank
TAINWALCHM,Tainwala Chemical and Plastic (I) 
TAJGVK,Taj GVK Hotels & Resorts 
TAKE,Take Solutions 
TALBROAUTO,Talbros Automotive Components 
TALWALKARS,Talwalkars Better Value Fitness 
TANLA,Tanla Solutions 
TANTIACONS,Tantia Constructions 
TARAPUR,Tarapur Transformers 
TATACHEM,Tata Chemicals 
TATACOMM,Tata Communications 
TATAELXSI,Tata Elxsi 
TATACOFFEE,Tata Coffee 
TATAGLOBAL,Tata Global Beverages 
TATAINVEST,Tata Investment Corporation 
TATAMETALI,Tata Metaliks 
TATAMOTORS,Tata Motors 
TATAPOWER,Tata Power Company 
TATASPONGE,Tata Sponge Iron 
TATASTEEL,Tata Steel 
TCI,Transport Corporation of India 
TCIDEVELOP,TCI Developers 
TCIFINANCE,TCI Finance 
TCS,Tata Consultancy Services 
TECHM,Tech Mahindra 
TECHNO,Techno Electric & Engineering Company 
TECHNOFAB,Technofab Engineering 
TECPRO,Tecpro Systems 
TELEDATAIT,Teledata Technology Solutions 
TEXMACOLTD,Texmaco 
TEXMOPIPES,Texmo Pipes and Products 
TFCILTD,Tourism Finance Corporation of India 
TFL,Transwarranty Finance 
THANGAMAYL,Thangamayil Jewellery 
THEMISMED,Themis Medicare 
THERMAX,Thermax 
THINKSOFT,Thinksoft Global Services 
THIRUSUGAR,Thiru Arooran Sugars 
THOMASCOOK,Thomas Cook (India) 
TI,Tilaknagar Industries 
TIDEWATER,Tide Water Oil Company (India) 
TIIL,Technocraft Industries (India) 
TIL,TIL 
TIMESGTY,Times Guaranty 
TIMETECHNO,Time Technoplast 
TIMKEN,Timken India 
TINPLATE,The Tinplate Company of India 
TIPSINDLTD,TIPS Industries 
TIRUMALCHM,Thirumalai Chemicals 
TITAN,Titan Industries 
TNPETRO,Tamilnadu PetroProducts 
TNPL,Tamil Nadu Newsprint & Papers 
TNTELE,Tamilnadu Telecommunication 
TODAYS,Todays Writing Products 
TOKYOPLAST,Tokyo Plast International 
TORNTPHARM,Torrent Pharmaceuticals 
TORNTPOWER,Torrent Power 
TRENT,Trent 
TRF,TRF 
TRICOM,Tricom India 
TRIGYN,Trigyn Technologies 
TRIL,Transformers And Rectifiers (India) 
TRIVENI,Triveni Engineering & Industries 
TTKHEALTH,TTK Healthcare 
TTKPRESTIG,TTK Prestige 
TTL,T T 
TTML,Tata Teleservices (Maharashtra) 
TUBEINVEST,Tube Investments of India 
TRIDENT,Trident 
TULIP,Tulip Telecom 
TULSI,Tulsi Extrusions 
TVSELECT,TVS Electronics 
TVSMOTOR,TVS Motor Company 
TVSSRICHAK,TVS Srichakra 
TVTODAY,TV Today Network 
TWILITAKA,Twilight Litaka Pharma 
TWL,Titagarh Wagons 
UBENGG,UB Engineering 
UBHOLDINGS,United Breweries (Holdings) 
UCALFUEL,Ucal Fuel Systems 
UCOBANK,UCO Bank
UFLEX,UFLEX 
UGARSUGAR,The Ugar Sugar Works 
ULTRACEMCO,UltraTech Cement 
UMESLTD,Usha Martin Education & Solutions 
UNICHEMLAB,Unichem Laboratories 
UNIENTER,Uniphos Enterprises 
UNIONBANK,Union Bank of India
UNIPHOS,United Phosphorus 
UNIPLY,Uniply Industries 
UNITECH,Unitech 
UBL,United Breweries 
UNITY,Unity Infraprojects 
UNIVCABLES,Universal Cables 
UNITEDBNK,United Bank of India
UPERGANGES,Upper Ganges Sugar & Industries 
USHAMART,Usha Martin 
USHERAGRO,Usher Agro 
UTTAMSTL,Uttam Galva Steels 
UTTAMSUGAR,Uttam Sugar Mills 
UTVSOF,UTV Software Communications 
VADILALIND,Vadilal Industries 
VAIBHAVGEM,Vaibhav Gems 
VAKRANSOFT,Vakrangee Softwares 
VALECHAENG,Valecha Engineering 
VALUEIND,Value Industries 
VARDHACRLC,Vardhman Acrylics 
VARDMNPOLY,Vardhman Polytex 
VARUN,Varun Industries 
VARUNSHIP,Varun Shipping Company 
VASCONEQ,Vascon Engineers 
VENKEYS,Venky's (India) 
VENUSREM,Venus Remedies 
VESUVIUS,Vesuvius India 
VGUARD,V-Guard Industries 
VHL,Vardhman Holdings 
VICEROY,Viceroy Hotels 
VIDEOIND,Videocon Industries 
VIJAYABANK,Vijaya Bank
VIJSHAN,Vijay Shanthi Builders 
VIKASHMET,Vikash Metal & Power 
VIMTALABS,Vimta Labs 
VINATIORGA,Vinati Organics 
VINDHYATEL,Vindhya Telelinks 
VIPIND,VIP Industries 
VISAKAIND,Visaka Industries 
VISASTEEL,Visa Steel 
VISESHINFO,Visesh Infotecnics 
VISHALRET,Vishal Retail 
VISUINTL,Visu International 
VIVIMEDLAB,Vivimed Labs 
VLSFINANCE,VLS Finance 
VOLTAMP,Voltamp Transformers 
VOLTAS,Voltas 
VSTIND,VST Industries 
VSTTILLERS,V.S.T Tillers Tractors 
VTL,Vardhman Textiles 
WABAG,VA Tech Wabag 
WABCO-TVS,WABCO-TVS (INDIA) 
WALCHANNAG,Walchandnagar Industries 
WANBURY,Wanbury 
WEBELSOLAR,Websol Energy Systems 
WEIZMANIND,Weizmann 
WELCORP,Welspun Corp 
WELINV,Welspun Investments and Commercials 
WELPROJ,Welspun Projects 
WELSPUNIND,Welspun India 
WENDT,Wendt (India) 
WHEELS,Wheels India 
WHIRLPOOL,Whirlpool of India 
WILLAMAGOR,Williamson Magor & Company 
WINDSOR,Windsor Machines 
WINSOMYARN,Winsome Yarns 
WIPRO,Wipro 
WSI,W S Industries (I) 
WSTCSTPAPR,West Coast Paper Mills 
WOCKPHARMA,Wockhardt 
WWIL,Wire and Wireless (India) 
WYETH,Wyeth 
XPROINDIA,Xpro India 
XLENERGY,XL Energy 
YESBANK,Yes Bank 
ZANDUREALT,Zandu Realty 
ZEEL,Zee Entertainment Enterprises 
ZEELEARN,Zee Learn 
ZEENEWS,Zee News 
ZENITHBIR,Zenith Birla (India) 
ZENITHCOMP,Zenith Computers 
ZENITHEXPO,Zenith Exports 
ZENITHINFO,Zenith Infotech 
ZENSARTECH,Zensar Technologies 
ZICOM,Zicom Electronic Security Systems 
ZODIACLOTH,Zodiac Clothing Company 
ZODJRDMKJ,Zodiac JRD- MKJ 
ZUARIAGRO,Zuari Industries 
ZYDUSWELL,Zydus Wellness 
ZYLOG,Zylog Systems 
